Country Name,Country Code,Indicator Name,Indicator Code,2000,2001,2002,2003,2004,2005,2006,2007,2008,2009,2010,2011,2012,2013,2014,2015,2016,2017,2018,2019,2020,2021
Aruba,ABW,"Access to electricity, urban (% of urban population)",EG.ELC.ACCS.UR.ZS,100.0,100.0,100.0,100.0,100.0,100.0,100.0,100.0,100.0,100.0,100.0,100.0,100.0,100.0,100.0,100.0,100.0,100.0,100.0,100.0,100.0,0.0
Africa Eastern and Southern,AFE,"Access to electricity, urban (% of urban population)",EG.ELC.ACCS.UR.ZS,53.56,53.15,55.3,56.25,57.02,58.12,58.68,60.85,59.0,61.36,63.25,66.16,66.95,67.11,66.28,67.08,69.13,70.93,71.87,73.33,73.94,0.0
Afghanistan,AFG,"Access to electricity, urban (% of urban population)",EG.ELC.ACCS.UR.ZS,72.13,73.6,75.06,76.53,78.02,74.0,81.04,82.59,89.9,85.72,82.8,86.57,95.0,92.26,98.7,92.5,99.5,99.5,99.63,99.5,99.5,0.0
Africa Western and Central,AFW,"Access to electricity, urban (% of urban population)",EG.ELC.ACCS.UR.ZS,71.54,72.29,72.29,73.28,73.24,73.94,74.6,76.19,75.61,75.44,74.27,79.39,78.7,78.85,79.53,78.25,81.57,0.0,0.0,0.0,83.22,0.0
Angola,AGO,"Access to electricity, urban (% of urban population)",EG.ELC.ACCS.UR.ZS,44.82,30.0,47.58,48.97,50.37,51.79,53.24,66.1,61.31,57.68,73.72,82.5,70.46,68.66,51.0,64.0,67.97,69.41,65.27,72.28,73.71,0.0
Albania,ALB,"Access to electricity, urban (% of urban population)",EG.ELC.ACCS.UR.ZS,100.0,100.0,100.0,100.0,100.0,100.0,100.0,100.0,100.0,100.0,100.0,100.0,99.9,100.0,100.0,100.0,100.0,100.0,100.0,100.0,100.0,0.0
Andorra,AND,"Access to electricity, urban (% of urban population)",EG.ELC.ACCS.UR.ZS,100.0,100.0,100.0,100.0,100.0,100.0,100.0,100.0,100.0,100.0,100.0,100.0,100.0,100.0,100.0,100.0,100.0,100.0,100.0,100.0,100.0,0.0
Arab World,ARB,"Access to electricity, urban (% of urban population)",EG.ELC.ACCS.UR.ZS,94.86,94.33,94.33,94.51,94.62,94.57,95.34,95.09,94.39,95.06,96.87,97.0,96.98,97.24,96.86,97.02,97.26,97.48,97.58,98.28,97.54,0.0
United Arab Emirates,ARE,"Access to electricity, urban (% of urban population)",EG.ELC.ACCS.UR.ZS,100.0,100.0,100.0,100.0,100.0,100.0,100.0,100.0,100.0,100.0,100.0,100.0,100.0,100.0,100.0,100.0,100.0,100.0,100.0,100.0,100.0,0.0
Argentina,ARG,"Access to electricity, urban (% of urban population)",EG.ELC.ACCS.UR.ZS,96.48,96.64,96.8,96.97,97.14,97.34,97.57,97.81,98.07,98.34,99.09,99.42,99.67,99.79,100.0,99.86,99.94,100.0,100.0,100.0,100.0,0.0
Armenia,ARM,"Access to electricity, urban (% of urban population)",EG.ELC.ACCS.UR.ZS,99.1,100.0,99.28,99.26,99.24,99.9,99.28,99.33,99.4,99.48,99.7,99.64,99.79,99.41,99.66,100.0,99.8,99.8,99.9,100.0,99.96,0.0
American Samoa,ASM,"Access to electricity, urban (% of urban population)",EG.ELC.ACCS.UR.ZS,0.0,0.0,0.0,0.0,0.0,0.0,0.0,0.0,0.0,0.0,0.0,0.0,0.0,0.0,0.0,0.0,0.0,0.0,0.0,0.0,0.0,0.0
Antigua and Barbuda,ATG,"Access to electricity, urban (% of urban population)",EG.ELC.ACCS.UR.ZS,100.0,100.0,100.0,99.96,99.92,100.0,100.0,100.0,100.0,99.95,99.97,99.99,100.0,100.0,100.0,100.0,100.0,100.0,100.0,100.0,100.0,0.0
Australia,AUS,"Access to electricity, urban (% of urban population)",EG.ELC.ACCS.UR.ZS,100.0,100.0,100.0,100.0,100.0,100.0,100.0,100.0,100.0,100.0,100.0,100.0,100.0,100.0,100.0,100.0,100.0,100.0,100.0,100.0,100.0,0.0
Austria,AUT,"Access to electricity, urban (% of urban population)",EG.ELC.ACCS.UR.ZS,100.0,100.0,100.0,100.0,100.0,100.0,100.0,100.0,100.0,100.0,100.0,100.0,100.0,100.0,100.0,100.0,100.0,100.0,100.0,100.0,100.0,0.0
Azerbaijan,AZE,"Access to electricity, urban (% of urban population)",EG.ELC.ACCS.UR.ZS,99.7,99.57,100.0,99.55,99.56,99.59,99.8,99.72,99.81,99.9,99.97,99.9,100.0,100.0,100.0,100.0,100.0,100.0,100.0,100.0,100.0,0.0
Burundi,BDI,"Access to electricity, urban (% of urban population)",EG.ELC.ACCS.UR.ZS,50.63,50.77,50.9,51.04,51.19,45.05,51.56,51.77,39.6,52.25,49.0,52.73,58.5,52.4,52.1,57.13,58.6,61.8,61.43,62.59,63.68,0.0
Belgium,BEL,"Access to electricity, urban (% of urban population)",EG.ELC.ACCS.UR.ZS,100.0,100.0,100.0,100.0,100.0,100.0,100.0,100.0,100.0,100.0,100.0,100.0,100.0,100.0,100.0,100.0,100.0,100.0,100.0,100.0,100.0,0.0
Benin,BEN,"Access to electricity, urban (% of urban population)",EG.ELC.ACCS.UR.ZS,47.47,49.6,49.21,50.09,50.98,51.89,56.6,53.78,54.75,55.73,65.4,67.0,68.6,61.05,55.8,51.67,62.45,54.2,64.3,65.22,66.15,0.0
Burkina Faso,BFA,"Access to electricity, urban (% of urban population)",EG.ELC.ACCS.UR.ZS,40.34,41.44,42.54,52.4,44.76,45.9,47.06,48.24,49.44,44.41,48.5,53.06,54.26,55.45,58.4,58.01,59.72,61.47,62.3,64.43,65.75,0.0
Bangladesh,BGD,"Access to electricity, urban (% of urban population)",EG.ELC.ACCS.UR.ZS,81.2,77.61,78.65,79.7,76.6,82.61,77.8,82.1,85.22,86.37,90.1,90.2,90.62,88.0,90.7,93.44,94.01,99.5,96.5,97.8,97.8,0.0
Bulgaria,BGR,"Access to electricity, urban (% of urban population)",EG.ELC.ACCS.UR.ZS,100.0,100.0,100.0,100.0,100.0,100.0,100.0,100.0,100.0,100.0,100.0,100.0,100.0,100.0,100.0,100.0,100.0,100.0,100.0,100.0,99.8,0.0
Bahrain,BHR,"Access to electricity, urban (% of urban population)",EG.ELC.ACCS.UR.ZS,100.0,100.0,100.0,100.0,100.0,100.0,100.0,100.0,100.0,100.0,100.0,100.0,100.0,100.0,100.0,100.0,100.0,100.0,100.0,100.0,100.0,0.0
"Bahamas, The",BHS,"Access to electricity, urban (% of urban population)",EG.ELC.ACCS.UR.ZS,100.0,100.0,100.0,100.0,100.0,100.0,100.0,100.0,100.0,100.0,100.0,100.0,100.0,100.0,100.0,100.0,100.0,100.0,100.0,100.0,100.0,0.0
Bosnia and Herzegovina,BIH,"Access to electricity, urban (% of urban population)",EG.ELC.ACCS.UR.ZS,100.0,100.0,99.3,100.0,100.0,100.0,99.71,100.0,100.0,100.0,100.0,99.76,100.0,100.0,100.0,100.0,100.0,100.0,100.0,100.0,100.0,0.0
Belarus,BLR,"Access to electricity, urban (% of urban population)",EG.ELC.ACCS.UR.ZS,100.0,100.0,100.0,100.0,100.0,100.0,100.0,100.0,100.0,100.0,100.0,100.0,100.0,100.0,100.0,100.0,100.0,100.0,100.0,100.0,100.0,0.0
Belize,BLZ,"Access to electricity, urban (% of urban population)",EG.ELC.ACCS.UR.ZS,95.0,95.61,95.69,95.78,95.87,95.99,98.07,96.29,96.47,96.65,97.0,96.31,97.21,97.37,97.53,96.9,97.81,97.97,97.9,98.48,98.33,0.0
Bermuda,BMU,"Access to electricity, urban (% of urban population)",EG.ELC.ACCS.UR.ZS,100.0,100.0,100.0,100.0,100.0,100.0,100.0,100.0,100.0,100.0,100.0,100.0,100.0,100.0,100.0,100.0,100.0,100.0,100.0,100.0,100.0,0.0
Bolivia,BOL,"Access to electricity, urban (% of urban population)",EG.ELC.ACCS.UR.ZS,95.81,94.21,88.58,94.0,96.14,89.92,95.17,98.2,99.23,98.87,98.81,99.08,99.23,99.52,99.31,99.46,99.5,99.4,99.5,99.48,100.0,0.0
Brazil,BRA,"Access to electricity, urban (% of urban population)",EG.ELC.ACCS.UR.ZS,99.02,99.22,99.43,99.5,99.59,99.63,99.71,99.78,99.82,99.85,99.8,99.9,99.93,99.94,99.95,99.96,99.9,99.9,99.9,100.0,100.0,0.0
Barbados,BRB,"Access to electricity, urban (% of urban population)",EG.ELC.ACCS.UR.ZS,100.0,99.99,100.0,100.0,99.86,99.83,100.0,100.0,100.0,100.0,100.0,100.0,100.0,100.0,100.0,100.0,100.0,100.0,100.0,100.0,100.0,0.0
Brunei Darussalam,BRN,"Access to electricity, urban (% of urban population)",EG.ELC.ACCS.UR.ZS,100.0,100.0,100.0,100.0,100.0,100.0,100.0,100.0,100.0,100.0,100.0,100.0,100.0,100.0,100.0,100.0,100.0,100.0,100.0,100.0,100.0,0.0
Bhutan,BTN,"Access to electricity, urban (% of urban population)",EG.ELC.ACCS.UR.ZS,96.74,97.09,97.2,97.4,97.46,96.78,97.79,98.73,98.2,98.42,99.31,99.38,99.6,99.47,99.49,99.67,99.85,99.1,99.99,100.0,100.0,0.0
Botswana,BWA,"Access to electricity, urban (% of urban population)",EG.ELC.ACCS.UR.ZS,39.1,37.0,44.14,46.67,49.2,51.76,54.34,56.95,60.1,60.76,68.12,69.13,72.68,74.79,76.74,79.58,80.95,84.0,85.6,88.17,90.74,0.0
Central African Republic,CAF,"Access to electricity, urban (% of urban population)",EG.ELC.ACCS.UR.ZS,15.6,13.83,14.74,15.67,16.6,17.55,20.26,19.53,11.86,21.56,24.9,26.06,27.08,27.97,28.69,29.47,30.45,31.47,32.3,32.1,33.56,0.0
Canada,CAN,"Access to electricity, urban (% of urban population)",EG.ELC.ACCS.UR.ZS,100.0,100.0,100.0,100.0,100.0,100.0,100.0,100.0,100.0,100.0,100.0,100.0,100.0,100.0,100.0,100.0,100.0,100.0,100.0,100.0,100.0,0.0
Central Europe and the Baltics,CEB,"Access to electricity, urban (% of urban population)",EG.ELC.ACCS.UR.ZS,100.0,100.0,100.0,100.0,100.0,100.0,100.0,100.0,100.0,100.0,100.0,100.0,100.0,100.0,100.0,100.0,99.92,100.0,100.0,100.0,99.98,0.0
Switzerland,CHE,"Access to electricity, urban (% of urban population)",EG.ELC.ACCS.UR.ZS,100.0,100.0,100.0,100.0,100.0,100.0,100.0,100.0,100.0,100.0,100.0,100.0,100.0,100.0,100.0,100.0,100.0,100.0,100.0,100.0,100.0,0.0
Channel Islands,CHI,"Access to electricity, urban (% of urban population)",EG.ELC.ACCS.UR.ZS,100.0,100.0,100.0,100.0,100.0,100.0,100.0,100.0,100.0,100.0,100.0,100.0,100.0,100.0,100.0,100.0,100.0,100.0,100.0,100.0,100.0,0.0
Chile,CHL,"Access to electricity, urban (% of urban population)",EG.ELC.ACCS.UR.ZS,99.78,99.5,99.47,99.71,99.43,99.43,99.81,99.51,99.58,99.87,99.73,99.86,100.0,99.8,100.0,99.88,100.0,99.8,100.0,100.0,100.0,0.0
China,CHN,"Access to electricity, urban (% of urban population)",EG.ELC.ACCS.UR.ZS,100.0,99.79,99.76,99.74,99.73,99.74,99.77,99.82,99.89,99.95,100.0,100.0,100.0,100.0,100.0,100.0,100.0,100.0,100.0,100.0,100.0,0.0
Cote d'Ivoire,CIV,"Access to electricity, urban (% of urban population)",EG.ELC.ACCS.UR.ZS,81.55,82.13,82.72,83.31,83.91,86.4,91.23,85.84,88.77,87.22,87.91,88.1,88.1,89.97,90.63,86.5,92.0,92.57,93.2,93.84,94.47,0.0
Cameroon,CMR,"Access to electricity, urban (% of urban population)",EG.ELC.ACCS.UR.ZS,79.0,83.95,78.54,79.34,77.1,80.98,73.0,90.4,83.59,84.49,87.38,87.5,88.27,88.54,89.2,89.8,90.65,91.5,90.0,93.19,94.03,0.0
"Congo, Dem. Rep.",COD,"Access to electricity, urban (% of urban population)",EG.ELC.ACCS.UR.ZS,20.0,23.84,25.33,26.82,28.32,30.0,31.39,36.6,34.54,36.14,37.73,39.33,40.8,42.49,42.0,36.44,38.04,39.55,40.51,41.18,40.66,0.0
"Congo, Rep.",COG,"Access to electricity, urban (% of urban population)",EG.ELC.ACCS.UR.ZS,45.99,46.93,47.87,48.81,49.77,50.8,51.75,52.77,53.81,53.6,56.94,58.05,58.9,59.99,60.74,61.53,62.54,63.57,64.42,65.11,66.01,0.0
Colombia,COL,"Access to electricity, urban (% of urban population)",EG.ELC.ACCS.UR.ZS,99.4,99.91,99.2,99.19,99.19,99.3,99.26,99.33,99.71,99.61,99.77,99.79,99.73,99.82,99.84,99.81,99.8,99.9,99.9,100.0,100.0,0.0
Comoros,COM,"Access to electricity, urban (% of urban population)",EG.ELC.ACCS.UR.ZS,64.32,66.03,74.6,69.45,71.18,72.92,74.69,76.49,78.29,80.11,84.86,84.91,85.1,87.35,89.14,90.91,92.68,94.45,96.2,97.96,99.72,0.0
Cabo Verde,CPV,"Access to electricity, urban (% of urban population)",EG.ELC.ACCS.UR.ZS,81.86,82.43,81.27,83.58,84.16,85.0,85.4,86.06,86.72,87.4,90.62,91.1,91.5,91.77,91.88,92.03,92.4,92.79,93.25,93.5,94.49,0.0
Costa Rica,CRI,"Access to electricity, urban (% of urban population)",EG.ELC.ACCS.UR.ZS,99.8,99.87,99.86,99.88,99.85,99.89,99.93,99.92,99.92,99.93,99.75,99.96,99.98,99.94,99.7,99.93,99.8,99.8,99.9,99.92,99.94,0.0
Caribbean small states,CSS,"Access to electricity, urban (% of urban population)",EG.ELC.ACCS.UR.ZS,94.6,95.37,95.34,95.24,95.45,95.3,95.52,96.28,98.52,96.99,97.13,97.64,97.98,97.72,97.83,98.39,99.17,99.41,99.55,99.62,99.64,0.0
Cuba,CUB,"Access to electricity, urban (% of urban population)",EG.ELC.ACCS.UR.ZS,100.0,99.78,99.73,99.68,99.65,99.63,99.64,99.68,99.72,99.78,99.84,99.89,99.94,99.97,99.99,100.0,100.0,100.0,100.0,99.9,100.0,0.0
Curacao,CUW,"Access to electricity, urban (% of urban population)",EG.ELC.ACCS.UR.ZS,100.0,100.0,100.0,100.0,100.0,100.0,100.0,99.61,99.66,99.73,100.0,100.0,100.0,100.0,100.0,100.0,100.0,100.0,100.0,100.0,100.0,0.0
Cayman Islands,CYM,"Access to electricity, urban (% of urban population)",EG.ELC.ACCS.UR.ZS,100.0,100.0,100.0,100.0,100.0,100.0,100.0,100.0,100.0,100.0,100.0,100.0,100.0,100.0,100.0,100.0,100.0,100.0,100.0,100.0,100.0,0.0
Cyprus,CYP,"Access to electricity, urban (% of urban population)",EG.ELC.ACCS.UR.ZS,100.0,100.0,100.0,100.0,100.0,100.0,100.0,100.0,100.0,100.0,100.0,100.0,100.0,100.0,100.0,100.0,100.0,100.0,100.0,100.0,100.0,0.0
Czech Republic,CZE,"Access to electricity, urban (% of urban population)",EG.ELC.ACCS.UR.ZS,100.0,100.0,100.0,100.0,100.0,100.0,100.0,100.0,100.0,100.0,100.0,100.0,100.0,100.0,100.0,100.0,100.0,100.0,100.0,100.0,100.0,0.0
Germany,DEU,"Access to electricity, urban (% of urban population)",EG.ELC.ACCS.UR.ZS,100.0,100.0,100.0,100.0,100.0,100.0,100.0,100.0,100.0,100.0,100.0,100.0,100.0,100.0,100.0,100.0,100.0,100.0,100.0,100.0,100.0,0.0
Djibouti,DJI,"Access to electricity, urban (% of urban population)",EG.ELC.ACCS.UR.ZS,56.47,57.17,56.9,58.57,59.28,60.02,62.4,61.56,62.35,63.15,63.96,64.77,64.24,66.35,67.13,67.89,68.65,0.0,70.62,71.43,72.16,0.0
Dominica,DMA,"Access to electricity, urban (% of urban population)",EG.ELC.ACCS.UR.ZS,0.0,0.0,0.0,0.0,0.0,0.0,0.0,0.0,0.0,0.0,0.0,0.0,0.0,0.0,0.0,0.0,0.0,0.0,0.0,0.0,0.0,0.0
Denmark,DNK,"Access to electricity, urban (% of urban population)",EG.ELC.ACCS.UR.ZS,100.0,100.0,100.0,100.0,100.0,100.0,100.0,100.0,100.0,100.0,100.0,100.0,100.0,100.0,100.0,100.0,100.0,100.0,100.0,100.0,100.0,0.0
Dominican Republic,DOM,"Access to electricity, urban (% of urban population)",EG.ELC.ACCS.UR.ZS,96.57,96.95,96.67,95.04,95.52,95.18,94.39,99.61,99.57,99.73,99.77,99.72,99.65,99.88,99.86,99.83,99.9,100.0,99.6,99.6,100.0,0.0
Algeria,DZA,"Access to electricity, urban (% of urban population)",EG.ELC.ACCS.UR.ZS,99.44,99.41,99.37,99.33,99.31,99.31,99.33,99.37,100.0,99.5,99.57,99.64,99.26,99.75,99.79,99.82,99.84,99.85,99.93,99.8,99.88,0.0
East Asia & Pacific (excluding high income),EAP,"Access to electricity, urban (% of urban population)",EG.ELC.ACCS.UR.ZS,98.22,98.16,98.24,98.62,98.38,98.46,98.6,98.86,98.95,97.99,98.18,98.29,98.35,98.46,98.54,98.67,98.78,98.85,98.92,98.98,99.0,0.0
Early-demographic dividend,EAR,"Access to electricity, urban (% of urban population)",EG.ELC.ACCS.UR.ZS,92.75,92.19,93.02,93.47,93.44,93.87,94.45,94.64,95.09,96.22,95.78,95.65,96.78,96.89,97.3,97.45,97.86,98.52,98.51,98.82,98.93,0.0
East Asia & Pacific,EAS,"Access to electricity, urban (% of urban population)",EG.ELC.ACCS.UR.ZS,98.58,98.53,98.59,98.89,98.69,98.75,98.86,99.07,99.14,98.34,98.49,98.58,98.62,98.71,98.77,98.88,98.97,99.02,99.08,99.12,99.14,0.0
Europe & Central Asia (excluding high income),ECA,"Access to electricity, urban (% of urban population)",EG.ELC.ACCS.UR.ZS,99.97,99.97,99.98,99.97,99.87,99.85,99.85,99.88,99.9,99.92,99.98,99.98,99.98,99.98,99.99,97.97,99.99,99.99,99.99,99.99,99.98,0.0
Europe & Central Asia,ECS,"Access to electricity, urban (% of urban population)",EG.ELC.ACCS.UR.ZS,99.99,99.99,99.99,99.99,99.95,99.94,99.94,99.95,99.96,99.97,99.99,99.99,99.99,99.99,100.0,99.18,99.99,100.0,100.0,99.99,99.99,0.0
Ecuador,ECU,"Access to electricity, urban (% of urban population)",EG.ELC.ACCS.UR.ZS,99.18,99.16,99.14,99.29,99.13,99.67,99.53,99.63,99.59,98.98,99.72,99.78,99.63,99.55,99.83,99.87,99.8,100.0,99.7,99.84,99.66,0.0
"Egypt, Arab Rep.",EGY,"Access to electricity, urban (% of urban population)",EG.ELC.ACCS.UR.ZS,99.5,99.32,99.3,99.7,99.8,99.8,99.33,99.4,99.9,99.56,99.67,99.74,99.53,99.88,99.9,99.1,99.99,100.0,100.0,100.0,100.0,0.0
Euro area,EMU,"Access to electricity, urban (% of urban population)",EG.ELC.ACCS.UR.ZS,100.0,100.0,100.0,100.0,100.0,100.0,100.0,100.0,100.0,100.0,100.0,100.0,100.0,100.0,100.0,100.0,100.0,100.0,100.0,100.0,100.0,0.0
Eritrea,ERI,"Access to electricity, urban (% of urban population)",EG.ELC.ACCS.UR.ZS,79.23,79.02,78.3,78.61,78.42,78.25,78.1,77.98,77.87,77.77,77.67,77.57,77.47,77.35,77.22,77.08,76.93,76.78,76.62,76.46,76.3,0.0
Spain,ESP,"Access to electricity, urban (% of urban population)",EG.ELC.ACCS.UR.ZS,100.0,100.0,100.0,100.0,100.0,100.0,100.0,100.0,100.0,100.0,100.0,100.0,100.0,100.0,100.0,100.0,100.0,100.0,100.0,100.0,100.0,0.0
Estonia,EST,"Access to electricity, urban (% of urban population)",EG.ELC.ACCS.UR.ZS,100.0,100.0,100.0,100.0,100.0,100.0,100.0,100.0,100.0,100.0,100.0,100.0,100.0,100.0,100.0,100.0,100.0,100.0,100.0,100.0,100.0,0.0
Ethiopia,ETH,"Access to electricity, urban (% of urban population)",EG.ELC.ACCS.UR.ZS,76.2,79.25,79.9,80.55,81.22,85.7,82.61,83.35,84.09,84.85,85.61,85.2,87.12,87.85,91.98,85.0,85.4,96.6,91.92,92.62,93.25,0.0
European Union,EUU,"Access to electricity, urban (% of urban population)",EG.ELC.ACCS.UR.ZS,100.0,100.0,100.0,100.0,100.0,100.0,100.0,100.0,100.0,100.0,100.0,100.0,100.0,100.0,100.0,100.0,99.98,100.0,100.0,100.0,100.0,0.0
Fragile and conflict affected situations,FCS,"Access to electricity, urban (% of urban population)",EG.ELC.ACCS.UR.ZS,78.28,78.44,78.59,78.67,78.88,79.21,79.28,80.71,79.56,80.07,80.94,82.68,82.67,82.69,83.02,81.56,82.98,82.87,82.26,83.46,83.47,0.0
Finland,FIN,"Access to electricity, urban (% of urban population)",EG.ELC.ACCS.UR.ZS,100.0,100.0,100.0,100.0,100.0,100.0,100.0,100.0,100.0,100.0,100.0,100.0,100.0,100.0,100.0,100.0,100.0,100.0,100.0,100.0,100.0,0.0
Fiji,FJI,"Access to electricity, urban (% of urban population)",EG.ELC.ACCS.UR.ZS,91.44,91.86,92.05,92.0,93.12,93.57,94.04,94.54,96.47,95.56,96.09,96.61,97.12,97.26,98.11,98.6,99.07,99.54,99.83,99.97,100.0,0.0
France,FRA,"Access to electricity, urban (% of urban population)",EG.ELC.ACCS.UR.ZS,100.0,100.0,100.0,100.0,100.0,100.0,100.0,100.0,100.0,100.0,100.0,100.0,100.0,100.0,100.0,100.0,100.0,100.0,100.0,100.0,100.0,0.0
Faroe Islands,FRO,"Access to electricity, urban (% of urban population)",EG.ELC.ACCS.UR.ZS,100.0,100.0,100.0,100.0,100.0,100.0,100.0,100.0,100.0,100.0,100.0,100.0,100.0,100.0,100.0,100.0,100.0,100.0,100.0,100.0,100.0,0.0
"Micronesia, Fed. Sts.",FSM,"Access to electricity, urban (% of urban population)",EG.ELC.ACCS.UR.ZS,70.0,72.11,73.34,74.57,75.82,77.09,78.38,79.69,81.02,82.36,84.59,85.65,86.54,87.69,88.99,90.29,91.58,92.87,94.15,95.43,96.71,0.0
Gabon,GAB,"Access to electricity, urban (% of urban population)",EG.ELC.ACCS.UR.ZS,90.2,91.38,91.69,92.01,92.35,93.2,93.08,93.47,93.89,94.31,95.96,96.23,98.1,94.3,96.42,96.75,97.13,97.82,97.86,98.23,98.59,0.0
United Kingdom,GBR,"Access to electricity, urban (% of urban population)",EG.ELC.ACCS.UR.ZS,100.0,100.0,100.0,100.0,100.0,100.0,100.0,100.0,100.0,100.0,100.0,100.0,100.0,100.0,100.0,100.0,100.0,100.0,100.0,100.0,100.0,0.0
Georgia,GEO,"Access to electricity, urban (% of urban population)",EG.ELC.ACCS.UR.ZS,99.92,99.87,100.0,100.0,99.93,98.32,100.0,100.0,100.0,100.0,100.0,100.0,100.0,100.0,100.0,100.0,100.0,100.0,99.8,100.0,100.0,0.0
Ghana,GHA,"Access to electricity, urban (% of urban population)",EG.ELC.ACCS.UR.ZS,80.5,79.01,79.58,76.9,80.75,78.44,80.72,82.66,84.8,84.01,72.8,84.95,86.76,88.5,90.8,88.07,89.8,90.0,89.9,93.8,94.71,0.0
Gibraltar,GIB,"Access to electricity, urban (% of urban population)",EG.ELC.ACCS.UR.ZS,100.0,100.0,100.0,100.0,100.0,100.0,100.0,100.0,100.0,100.0,100.0,100.0,100.0,100.0,100.0,100.0,100.0,100.0,100.0,100.0,100.0,0.0
Guinea,GIN,"Access to electricity, urban (% of urban population)",EG.ELC.ACCS.UR.ZS,55.87,57.42,58.97,60.52,62.09,63.8,65.29,66.92,68.57,70.22,71.88,73.54,74.2,76.88,78.46,80.07,82.2,83.55,86.7,86.0,88.08,0.0
"Gambia, The",GMB,"Access to electricity, urban (% of urban population)",EG.ELC.ACCS.UR.ZS,51.16,51.0,52.47,53.93,55.41,54.44,58.44,59.98,61.54,63.11,64.69,66.26,67.82,67.0,70.91,72.44,73.96,79.4,0.0,0.0,80.63,0.0
Guinea-Bissau,GNB,"Access to electricity, urban (% of urban population)",EG.ELC.ACCS.UR.ZS,23.95,24.2,24.45,24.7,24.97,25.25,34.4,25.89,26.24,26.59,11.8,27.31,27.66,27.99,33.1,35.38,39.72,44.1,48.29,52.32,56.27,0.0
Equatorial Guinea,GNQ,"Access to electricity, urban (% of urban population)",EG.ELC.ACCS.UR.ZS,94.59,94.35,94.11,93.87,93.65,93.44,93.26,93.1,92.95,92.82,93.12,93.1,92.41,92.26,92.09,91.92,91.74,91.55,91.35,91.16,90.97,0.0
Greece,GRC,"Access to electricity, urban (% of urban population)",EG.ELC.ACCS.UR.ZS,100.0,100.0,100.0,100.0,100.0,100.0,100.0,100.0,100.0,100.0,100.0,100.0,100.0,100.0,100.0,100.0,100.0,100.0,100.0,100.0,100.0,0.0
Grenada,GRD,"Access to electricity, urban (% of urban population)",EG.ELC.ACCS.UR.ZS,0.0,0.0,0.0,0.0,0.0,0.0,0.0,0.0,0.0,0.0,0.0,0.0,0.0,0.0,0.0,0.0,0.0,0.0,0.0,0.0,0.0,0.0
Greenland,GRL,"Access to electricity, urban (% of urban population)",EG.ELC.ACCS.UR.ZS,100.0,100.0,100.0,100.0,100.0,100.0,100.0,100.0,100.0,100.0,100.0,100.0,100.0,100.0,100.0,100.0,100.0,100.0,100.0,100.0,100.0,0.0
Guatemala,GTM,"Access to electricity, urban (% of urban population)",EG.ELC.ACCS.UR.ZS,95.4,93.25,95.71,96.03,93.74,93.94,94.41,94.4,94.65,94.91,95.18,94.6,95.71,95.95,94.46,96.41,96.63,96.84,97.05,97.25,97.46,0.0
Guam,GUM,"Access to electricity, urban (% of urban population)",EG.ELC.ACCS.UR.ZS,100.0,100.0,100.0,100.0,100.0,100.0,100.0,100.0,100.0,100.0,100.0,100.0,100.0,100.0,100.0,100.0,100.0,100.0,100.0,100.0,100.0,0.0
Guyana,GUY,"Access to electricity, urban (% of urban population)",EG.ELC.ACCS.UR.ZS,87.19,87.3,87.41,87.53,87.65,81.6,82.42,88.17,88.37,90.9,92.33,93.02,93.64,94.12,94.4,94.82,95.4,96.01,96.44,96.71,96.9,0.0
High income,HIC,"Access to electricity, urban (% of urban population)",EG.ELC.ACCS.UR.ZS,99.99,99.98,99.98,99.99,99.98,99.98,99.99,99.98,99.99,99.99,99.99,99.99,100.0,99.99,100.0,99.99,99.99,99.99,100.0,100.0,100.0,0.0
"Hong Kong SAR, China",HKG,"Access to electricity, urban (% of urban population)",EG.ELC.ACCS.UR.ZS,100.0,100.0,100.0,100.0,100.0,100.0,100.0,100.0,100.0,100.0,100.0,100.0,100.0,100.0,100.0,100.0,100.0,100.0,100.0,100.0,100.0,0.0
Honduras,HND,"Access to electricity, urban (% of urban population)",EG.ELC.ACCS.UR.ZS,94.44,94.7,93.14,94.47,95.89,96.04,96.86,97.54,97.96,97.92,98.76,99.17,98.49,98.99,98.76,98.9,99.1,97.8,98.9,99.0,100.0,0.0
Heavily indebted poor countries (HIPC),HPC,"Access to electricity, urban (% of urban population)",EG.ELC.ACCS.UR.ZS,54.62,55.22,55.89,56.67,58.22,59.11,60.16,61.81,60.85,62.77,64.19,66.76,68.87,69.26,70.56,69.62,71.72,73.5,74.26,75.99,76.59,0.0
Croatia,HRV,"Access to electricity, urban (% of urban population)",EG.ELC.ACCS.UR.ZS,100.0,100.0,100.0,100.0,100.0,100.0,100.0,100.0,100.0,100.0,100.0,100.0,100.0,100.0,100.0,100.0,100.0,100.0,100.0,100.0,100.0,0.0
Haiti,HTI,"Access to electricity, urban (% of urban population)",EG.ELC.ACCS.UR.ZS,81.9,62.46,69.52,50.39,69.73,69.86,68.9,70.19,70.38,70.57,70.78,71.49,72.6,73.74,74.64,75.59,76.4,77.93,78.93,79.78,80.54,0.0
Hungary,HUN,"Access to electricity, urban (% of urban population)",EG.ELC.ACCS.UR.ZS,100.0,100.0,100.0,100.0,100.0,100.0,100.0,100.0,100.0,100.0,100.0,100.0,100.0,100.0,100.0,100.0,100.0,100.0,100.0,100.0,100.0,0.0
IBRD only,IBD,"Access to electricity, urban (% of urban population)",EG.ELC.ACCS.UR.ZS,96.76,96.37,96.87,97.13,97.1,97.24,97.65,97.72,97.88,98.43,98.25,98.16,98.65,98.74,98.72,98.71,99.11,99.24,99.27,99.47,99.53,0.0
IDA & IBRD total,IBT,"Access to electricity, urban (% of urban population)",EG.ELC.ACCS.UR.ZS,93.05,92.68,93.15,93.41,93.4,93.65,93.98,94.21,94.27,94.85,94.72,95.03,95.5,95.52,95.59,95.48,96.12,96.77,96.94,97.23,96.76,0.0
IDA total,IDA,"Access to electricity, urban (% of urban population)",EG.ELC.ACCS.UR.ZS,72.28,72.32,72.87,73.33,73.67,74.76,74.91,76.34,76.15,77.08,77.51,79.97,80.55,80.38,81.05,80.71,82.66,83.68,83.99,85.18,85.12,0.0
IDA blend,IDB,"Access to electricity, urban (% of urban population)",EG.ELC.ACCS.UR.ZS,86.49,86.93,86.75,87.07,86.97,87.37,87.2,89.22,88.5,88.53,86.69,90.27,89.37,89.37,89.41,88.94,91.41,0.0,0.0,0.0,91.43,0.0
Indonesia,IDN,"Access to electricity, urban (% of urban population)",EG.ELC.ACCS.UR.ZS,95.5,95.73,95.95,98.1,96.42,96.69,96.97,98.2,97.6,98.9,98.96,99.35,99.2,99.67,99.74,99.83,99.8,99.89,99.88,99.89,99.6,0.0
IDA only,IDX,"Access to electricity, urban (% of urban population)",EG.ELC.ACCS.UR.ZS,63.09,62.88,63.91,64.49,65.14,66.69,67.07,68.17,68.33,69.86,71.71,73.46,74.98,74.71,75.78,75.53,77.17,79.37,79.35,80.82,81.2,0.0
Isle of Man,IMN,"Access to electricity, urban (% of urban population)",EG.ELC.ACCS.UR.ZS,100.0,100.0,100.0,100.0,100.0,100.0,100.0,100.0,100.0,100.0,100.0,100.0,100.0,100.0,100.0,100.0,100.0,100.0,100.0,100.0,100.0,0.0
India,IND,"Access to electricity, urban (% of urban population)",EG.ELC.ACCS.UR.ZS,88.75,87.6,89.8,90.33,90.88,91.44,93.1,92.64,93.26,96.1,94.0,92.9,96.1,96.4,97.01,97.5,98.19,98.77,99.1,99.74,100.0,0.0
Not classified,INX,"Access to electricity, urban (% of urban population)",EG.ELC.ACCS.UR.ZS,0.0,0.0,0.0,0.0,0.0,0.0,0.0,0.0,0.0,0.0,0.0,0.0,0.0,0.0,0.0,0.0,0.0,0.0,0.0,0.0,0.0,0.0
Ireland,IRL,"Access to electricity, urban (% of urban population)",EG.ELC.ACCS.UR.ZS,100.0,100.0,100.0,100.0,100.0,100.0,100.0,100.0,100.0,100.0,100.0,100.0,100.0,100.0,100.0,100.0,100.0,100.0,100.0,100.0,100.0,0.0
"Iran, Islamic Rep.",IRN,"Access to electricity, urban (% of urban population)",EG.ELC.ACCS.UR.ZS,100.0,99.92,99.86,99.81,99.77,99.75,100.0,99.78,99.82,100.0,99.92,99.96,99.99,99.98,100.0,100.0,99.99,100.0,100.0,100.0,100.0,0.0
Iraq,IRQ,"Access to electricity, urban (% of urban population)",EG.ELC.ACCS.UR.ZS,99.38,99.35,99.33,99.31,99.31,99.33,99.54,99.43,99.5,99.59,99.68,100.0,99.69,99.9,99.95,99.98,100.0,100.0,99.9,100.0,100.0,0.0
Iceland,ISL,"Access to electricity, urban (% of urban population)",EG.ELC.ACCS.UR.ZS,100.0,100.0,100.0,100.0,100.0,100.0,100.0,100.0,100.0,100.0,100.0,100.0,100.0,100.0,100.0,100.0,100.0,100.0,100.0,100.0,100.0,0.0
Israel,ISR,"Access to electricity, urban (% of urban population)",EG.ELC.ACCS.UR.ZS,100.0,100.0,100.0,100.0,100.0,100.0,100.0,100.0,100.0,100.0,100.0,100.0,100.0,100.0,100.0,100.0,100.0,100.0,100.0,100.0,100.0,0.0
Italy,ITA,"Access to electricity, urban (% of urban population)",EG.ELC.ACCS.UR.ZS,100.0,100.0,100.0,100.0,100.0,100.0,100.0,100.0,100.0,100.0,100.0,100.0,100.0,100.0,100.0,100.0,100.0,100.0,100.0,100.0,100.0,0.0
Jamaica,JAM,"Access to electricity, urban (% of urban population)",EG.ELC.ACCS.UR.ZS,90.99,92.72,92.64,92.39,92.88,93.38,93.91,94.46,99.5,95.6,95.8,96.75,97.32,96.6,96.75,98.0,99.48,99.81,99.97,100.0,100.0,0.0
Jordan,JOR,"Access to electricity, urban (% of urban population)",EG.ELC.ACCS.UR.ZS,99.66,99.62,99.7,99.55,99.52,99.52,100.0,99.0,100.0,99.6,100.0,99.86,99.5,99.96,99.99,100.0,100.0,100.0,100.0,100.0,100.0,0.0
Japan,JPN,"Access to electricity, urban (% of urban population)",EG.ELC.ACCS.UR.ZS,100.0,100.0,100.0,100.0,100.0,100.0,100.0,100.0,100.0,100.0,100.0,100.0,100.0,100.0,100.0,100.0,100.0,100.0,100.0,100.0,100.0,0.0
Kazakhstan,KAZ,"Access to electricity, urban (% of urban population)",EG.ELC.ACCS.UR.ZS,99.91,99.79,99.92,100.0,100.0,100.0,99.83,100.0,100.0,100.0,100.0,99.97,100.0,100.0,100.0,100.0,100.0,100.0,100.0,100.0,100.0,0.0
Kenya,KEN,"Access to electricity, urban (% of urban population)",EG.ELC.ACCS.UR.ZS,49.84,51.56,53.28,50.2,56.73,58.48,60.26,62.06,63.87,65.6,58.2,69.34,71.16,72.96,68.4,78.1,84.3,83.89,87.39,90.8,93.99,0.0
Kyrgyz Republic,KGZ,"Access to electricity, urban (% of urban population)",EG.ELC.ACCS.UR.ZS,99.66,99.59,100.0,99.45,99.4,99.78,98.51,99.59,99.38,99.48,99.14,99.3,99.8,98.95,99.9,98.66,99.53,100.0,100.0,99.71,99.5,0.0
Cambodia,KHM,"Access to electricity, urban (% of urban population)",EG.ELC.ACCS.UR.ZS,60.6,65.26,67.2,69.14,71.1,66.8,75.08,77.1,87.0,81.18,91.3,93.58,94.29,94.86,96.9,95.73,96.4,99.06,99.36,96.9,97.3,0.0
Kiribati,KIR,"Access to electricity, urban (% of urban population)",EG.ELC.ACCS.UR.ZS,93.69,93.28,92.87,92.46,92.07,93.61,91.7,91.02,90.71,88.56,89.55,89.81,89.5,89.3,89.1,88.31,89.0,89.08,88.98,88.73,88.39,0.0
St. Kitts and Nevis,KNA,"Access to electricity, urban (% of urban population)",EG.ELC.ACCS.UR.ZS,99.49,99.46,99.43,99.4,99.39,99.4,99.43,99.48,99.55,99.63,99.71,100.0,100.0,100.0,100.0,100.0,100.0,100.0,100.0,100.0,100.0,0.0
"Korea, Rep.",KOR,"Access to electricity, urban (% of urban population)",EG.ELC.ACCS.UR.ZS,99.99,100.0,100.0,100.0,100.0,100.0,100.0,100.0,100.0,100.0,100.0,100.0,100.0,100.0,100.0,100.0,100.0,100.0,100.0,100.0,100.0,0.0
Kuwait,KWT,"Access to electricity, urban (% of urban population)",EG.ELC.ACCS.UR.ZS,100.0,100.0,100.0,100.0,100.0,100.0,100.0,100.0,100.0,100.0,100.0,100.0,100.0,100.0,100.0,100.0,100.0,100.0,100.0,100.0,100.0,0.0
Latin America & Caribbean (excluding high income),LAC,"Access to electricity, urban (% of urban population)",EG.ELC.ACCS.UR.ZS,98.26,97.99,98.16,98.01,98.32,98.35,98.58,98.69,98.95,98.93,99.11,99.19,99.27,99.35,99.33,99.3,99.42,99.48,99.47,99.56,99.63,0.0
Lao PDR,LAO,"Access to electricity, urban (% of urban population)",EG.ELC.ACCS.UR.ZS,96.07,96.13,96.18,97.0,96.32,92.2,94.13,97.42,99.0,96.99,97.16,97.32,97.43,97.69,97.91,97.8,98.65,99.5,99.48,99.65,100.0,0.0
Lebanon,LBN,"Access to electricity, urban (% of urban population)",EG.ELC.ACCS.UR.ZS,98.98,99.03,99.07,99.12,99.19,99.27,99.48,99.51,100.0,99.8,99.91,99.75,100.0,100.0,100.0,100.0,100.0,100.0,100.0,100.0,100.0,0.0
Liberia,LBR,"Access to electricity, urban (% of urban population)",EG.ELC.ACCS.UR.ZS,0.0,0.0,0.0,0.0,0.0,0.0,0.0,6.9,3.43,3.5,9.71,7.2,15.99,16.4,14.8,25.32,31.2,40.5,37.27,37.0,45.17,0.0
Libya,LBY,"Access to electricity, urban (% of urban population)",EG.ELC.ACCS.UR.ZS,100.0,99.92,99.96,99.99,100.0,100.0,100.0,100.0,100.0,100.0,100.0,100.0,100.0,100.0,100.0,100.0,100.0,100.0,100.0,100.0,100.0,0.0
St. Lucia,LCA,"Access to electricity, urban (% of urban population)",EG.ELC.ACCS.UR.ZS,95.54,95.9,95.29,95.17,95.06,94.97,94.91,94.87,94.84,94.82,94.8,94.79,94.12,94.72,94.96,95.33,95.91,96.52,96.95,97.22,100.0,0.0
Latin America & Caribbean,LCN,"Access to electricity, urban (% of urban population)",EG.ELC.ACCS.UR.ZS,98.43,98.18,98.32,98.18,98.45,98.48,98.69,98.79,99.03,99.02,99.18,99.26,99.34,99.41,99.39,99.36,99.47,99.53,99.52,99.6,99.67,0.0
Least developed countries: UN classification,LDC,"Access to electricity, urban (% of urban population)",EG.ELC.ACCS.UR.ZS,56.66,55.78,57.85,58.74,59.35,61.24,61.44,63.53,63.23,64.87,68.49,70.44,71.49,71.04,71.16,72.02,73.81,76.34,75.75,77.7,78.35,0.0
Low income,LIC,"Access to electricity, urban (% of urban population)",EG.ELC.ACCS.UR.ZS,49.47,50.65,51.87,53.32,54.24,55.45,56.46,57.45,56.56,55.91,58.24,60.69,63.02,62.99,64.36,63.19,64.62,67.18,65.65,68.76,69.87,0.0
Liechtenstein,LIE,"Access to electricity, urban (% of urban population)",EG.ELC.ACCS.UR.ZS,100.0,100.0,100.0,100.0,100.0,100.0,100.0,100.0,100.0,100.0,100.0,100.0,100.0,100.0,100.0,100.0,100.0,100.0,100.0,100.0,100.0,0.0
Sri Lanka,LKA,"Access to electricity, urban (% of urban population)",EG.ELC.ACCS.UR.ZS,88.6,85.3,91.3,90.62,91.31,92.02,94.4,95.3,94.28,95.61,95.6,96.83,97.71,98.0,98.91,99.65,99.0,99.98,100.0,100.0,100.0,0.0
Lower middle income,LMC,"Access to electricity, urban (% of urban population)",EG.ELC.ACCS.UR.ZS,89.69,88.88,89.91,90.43,90.43,90.92,91.61,92.14,92.35,93.51,92.84,93.32,94.19,94.28,94.35,94.8,95.8,97.09,97.16,97.78,96.92,0.0
Low & middle income,LMY,"Access to electricity, urban (% of urban population)",EG.ELC.ACCS.UR.ZS,92.82,92.44,92.94,93.2,93.2,93.46,93.8,94.05,94.11,94.31,94.2,94.53,95.03,95.06,95.15,95.05,95.73,96.4,96.58,96.89,96.44,0.0
Lesotho,LSO,"Access to electricity, urban (% of urban population)",EG.ELC.ACCS.UR.ZS,13.6,17.99,21.07,24.15,26.2,30.37,33.51,36.67,39.85,43.2,55.21,57.24,59.21,61.03,61.5,64.42,66.34,68.84,0.0,74.6,77.73,0.0
Late-demographic dividend,LTE,"Access to electricity, urban (% of urban population)",EG.ELC.ACCS.UR.ZS,99.69,99.53,99.56,99.56,99.57,99.6,99.71,99.7,99.77,98.89,98.99,99.04,99.09,99.14,99.13,98.82,99.24,99.3,99.31,99.36,99.38,0.0
Lithuania,LTU,"Access to electricity, urban (% of urban population)",EG.ELC.ACCS.UR.ZS,100.0,100.0,100.0,100.0,100.0,100.0,100.0,100.0,100.0,100.0,100.0,100.0,100.0,100.0,100.0,100.0,100.0,100.0,100.0,100.0,100.0,0.0
Luxembourg,LUX,"Access to electricity, urban (% of urban population)",EG.ELC.ACCS.UR.ZS,100.0,100.0,100.0,100.0,100.0,100.0,100.0,100.0,100.0,100.0,100.0,100.0,100.0,100.0,100.0,100.0,100.0,100.0,100.0,100.0,100.0,0.0
Latvia,LVA,"Access to electricity, urban (% of urban population)",EG.ELC.ACCS.UR.ZS,100.0,100.0,100.0,100.0,100.0,100.0,100.0,100.0,100.0,100.0,100.0,100.0,100.0,100.0,100.0,100.0,100.0,100.0,100.0,100.0,100.0,0.0
"Macao SAR, China",MAC,"Access to electricity, urban (% of urban population)",EG.ELC.ACCS.UR.ZS,100.0,100.0,100.0,100.0,100.0,100.0,100.0,100.0,100.0,100.0,100.0,100.0,100.0,100.0,100.0,100.0,100.0,100.0,100.0,100.0,100.0,0.0
St. Martin (French part),MAF,"Access to electricity, urban (% of urban population)",EG.ELC.ACCS.UR.ZS,100.0,100.0,100.0,100.0,100.0,100.0,100.0,99.61,99.66,99.73,100.0,100.0,100.0,100.0,100.0,100.0,100.0,100.0,100.0,100.0,100.0,0.0
Morocco,MAR,"Access to electricity, urban (% of urban population)",EG.ELC.ACCS.UR.ZS,98.48,93.32,93.67,94.02,94.6,94.76,99.26,95.59,96.04,96.49,96.94,97.4,97.84,98.7,95.2,99.11,99.3,100.0,99.3,99.99,100.0,0.0
Monaco,MCO,"Access to electricity, urban (% of urban population)",EG.ELC.ACCS.UR.ZS,100.0,100.0,100.0,100.0,100.0,100.0,100.0,100.0,100.0,100.0,100.0,100.0,100.0,100.0,100.0,100.0,100.0,100.0,100.0,100.0,100.0,0.0
Moldova,MDA,"Access to electricity, urban (% of urban population)",EG.ELC.ACCS.UR.ZS,100.0,100.0,100.0,100.0,100.0,99.4,100.0,100.0,100.0,100.0,100.0,100.0,100.0,100.0,100.0,100.0,100.0,99.95,99.97,100.0,100.0,0.0
Madagascar,MDG,"Access to electricity, urban (% of urban population)",EG.ELC.ACCS.UR.ZS,48.03,42.08,50.0,52.7,52.0,53.02,54.07,55.14,56.23,68.6,39.1,61.5,72.8,60.7,62.74,63.79,67.3,66.26,0.0,0.0,70.16,0.0
Maldives,MDV,"Access to electricity, urban (% of urban population)",EG.ELC.ACCS.UR.ZS,99.26,99.25,99.23,99.22,99.23,99.25,99.3,99.37,99.45,99.9,99.64,99.73,99.82,99.9,100.0,99.98,100.0,99.7,100.0,100.0,100.0,0.0
Middle East & North Africa,MEA,"Access to electricity, urban (% of urban population)",EG.ELC.ACCS.UR.ZS,99.29,98.8,98.82,98.9,98.94,98.95,99.45,99.03,99.25,99.23,99.53,99.6,99.53,99.71,99.37,99.46,99.6,99.74,99.85,99.66,99.66,0.0
Mexico,MEX,"Access to electricity, urban (% of urban population)",EG.ELC.ACCS.UR.ZS,99.43,99.29,99.53,99.24,99.39,99.61,99.71,99.32,99.73,99.46,99.7,99.62,99.65,99.8,99.64,99.3,99.8,99.96,99.8,99.93,99.8,0.0
Marshall Islands,MHL,"Access to electricity, urban (% of urban population)",EG.ELC.ACCS.UR.ZS,89.24,89.5,89.77,90.04,90.32,90.62,90.95,91.6,91.65,92.02,92.4,92.5,93.14,93.51,93.83,94.16,94.65,95.21,95.59,95.81,95.95,0.0
Middle income,MIC,"Access to electricity, urban (% of urban population)",EG.ELC.ACCS.UR.ZS,94.99,94.57,95.05,95.28,95.26,95.5,95.84,96.1,96.26,96.78,96.54,96.76,97.16,97.21,97.24,97.24,97.89,98.53,98.55,98.84,98.42,0.0
North Macedonia,MKD,"Access to electricity, urban (% of urban population)",EG.ELC.ACCS.UR.ZS,100.0,100.0,100.0,100.0,99.83,100.0,98.0,100.0,99.19,100.0,100.0,99.79,100.0,100.0,100.0,100.0,100.0,100.0,99.8,100.0,100.0,0.0
Mali,MLI,"Access to electricity, urban (% of urban population)",EG.ELC.ACCS.UR.ZS,33.69,37.0,39.61,42.57,45.55,48.55,47.4,54.61,57.66,57.86,74.34,75.96,76.0,78.92,80.17,83.1,82.97,84.98,0.0,91.08,94.09,0.0
Malta,MLT,"Access to electricity, urban (% of urban population)",EG.ELC.ACCS.UR.ZS,100.0,100.0,100.0,100.0,100.0,100.0,100.0,100.0,100.0,100.0,100.0,100.0,100.0,100.0,100.0,100.0,100.0,100.0,100.0,100.0,100.0,0.0
Myanmar,MMR,"Access to electricity, urban (% of urban population)",EG.ELC.ACCS.UR.ZS,82.35,82.82,83.3,83.77,84.26,84.77,85.31,85.86,86.44,87.01,89.0,88.25,88.93,89.48,85.5,90.8,92.3,92.55,92.12,92.51,93.03,0.0
Middle East & North Africa (excluding high income),MNA,"Access to electricity, urban (% of urban population)",EG.ELC.ACCS.UR.ZS,99.15,98.57,98.59,98.68,98.73,98.73,99.33,98.82,99.09,99.05,99.42,99.5,99.42,99.64,99.21,99.33,99.51,99.67,99.81,99.57,99.58,0.0
Montenegro,MNE,"Access to electricity, urban (% of urban population)",EG.ELC.ACCS.UR.ZS,100.0,100.0,100.0,100.0,100.0,100.0,100.0,100.0,100.0,100.0,100.0,100.0,100.0,99.6,99.6,100.0,100.0,100.0,100.0,100.0,100.0,0.0
Mongolia,MNG,"Access to electricity, urban (% of urban population)",EG.ELC.ACCS.UR.ZS,97.09,97.1,97.11,99.5,97.15,97.9,97.27,97.36,97.47,97.58,96.08,94.16,97.93,97.8,98.12,98.2,98.33,98.96,99.7,99.69,99.7,0.0
Northern Mariana Islands,MNP,"Access to electricity, urban (% of urban population)",EG.ELC.ACCS.UR.ZS,100.0,100.0,99.85,99.8,99.76,99.74,99.75,100.0,100.0,100.0,100.0,100.0,100.0,100.0,100.0,100.0,100.0,100.0,100.0,100.0,100.0,0.0
Mozambique,MOZ,"Access to electricity, urban (% of urban population)",EG.ELC.ACCS.UR.ZS,23.22,20.1,28.28,25.0,33.35,35.91,38.5,37.5,38.89,43.1,56.47,54.5,60.0,61.6,68.0,68.0,66.21,60.5,72.2,72.39,74.96,0.0
Mauritania,MRT,"Access to electricity, urban (% of urban population)",EG.ELC.ACCS.UR.ZS,45.01,49.7,49.22,51.34,53.46,41.6,57.77,70.37,62.17,64.38,75.73,76.16,76.52,76.75,76.9,77.58,79.74,81.91,84.06,86.22,88.37,0.0
Mauritius,MUS,"Access to electricity, urban (% of urban population)",EG.ELC.ACCS.UR.ZS,100.0,99.93,100.0,99.77,99.7,99.64,99.61,99.6,99.6,99.62,99.63,99.78,99.8,99.79,99.64,99.61,99.59,99.61,99.65,100.0,99.41,0.0
Malawi,MWI,"Access to electricity, urban (% of urban population)",EG.ELC.ACCS.UR.ZS,28.7,27.83,28.88,37.15,30.2,32.09,23.57,34.34,35.49,36.65,34.7,32.6,37.1,36.6,46.1,48.7,42.0,57.5,50.39,45.5,53.98,0.0
Malaysia,MYS,"Access to electricity, urban (% of urban population)",EG.ELC.ACCS.UR.ZS,99.43,99.4,99.38,99.36,99.35,99.37,99.4,99.46,99.53,99.9,99.7,99.79,99.9,99.92,99.97,99.99,100.0,100.0,100.0,100.0,100.0,0.0
North America,NAC,"Access to electricity, urban (% of urban population)",EG.ELC.ACCS.UR.ZS,100.0,100.0,100.0,100.0,100.0,100.0,100.0,100.0,100.0,100.0,100.0,100.0,100.0,100.0,100.0,100.0,100.0,100.0,100.0,100.0,100.0,0.0
Namibia,NAM,"Access to electricity, urban (% of urban population)",EG.ELC.ACCS.UR.ZS,73.2,71.65,71.75,71.85,71.96,72.09,72.25,77.6,72.61,78.4,73.02,70.1,73.42,72.2,73.77,74.6,69.3,74.24,74.38,74.53,74.67,0.0
New Caledonia,NCL,"Access to electricity, urban (% of urban population)",EG.ELC.ACCS.UR.ZS,100.0,100.0,100.0,100.0,100.0,100.0,100.0,100.0,100.0,100.0,100.0,100.0,100.0,100.0,100.0,100.0,100.0,100.0,100.0,100.0,100.0,0.0
Niger,NER,"Access to electricity, urban (% of urban population)",EG.ELC.ACCS.UR.ZS,40.67,41.13,42.24,43.36,44.49,45.64,47.2,48.01,49.22,50.44,63.09,59.9,61.8,59.1,57.5,60.2,58.84,60.01,47.63,50.13,48.39,0.0
Nigeria,NGA,"Access to electricity, urban (% of urban population)",EG.ELC.ACCS.UR.ZS,83.98,83.93,83.88,84.9,83.8,83.79,83.8,86.16,84.8,83.93,79.8,87.1,84.09,83.6,84.16,81.5,86.0,0.0,0.0,0.0,83.9,0.0
Nicaragua,NIC,"Access to electricity, urban (% of urban population)",EG.ELC.ACCS.UR.ZS,93.55,91.89,94.11,94.4,94.7,95.43,95.37,95.73,96.11,97.94,96.89,97.38,97.86,98.2,98.41,98.75,99.09,99.52,99.81,99.94,100.0,0.0
Netherlands,NLD,"Access to electricity, urban (% of urban population)",EG.ELC.ACCS.UR.ZS,100.0,100.0,100.0,100.0,100.0,100.0,100.0,100.0,100.0,100.0,100.0,100.0,100.0,100.0,100.0,100.0,100.0,100.0,100.0,100.0,100.0,0.0
Norway,NOR,"Access to electricity, urban (% of urban population)",EG.ELC.ACCS.UR.ZS,100.0,100.0,100.0,100.0,100.0,100.0,100.0,100.0,100.0,100.0,100.0,100.0,100.0,100.0,100.0,100.0,100.0,100.0,100.0,100.0,100.0,0.0
Nepal,NPL,"Access to electricity, urban (% of urban population)",EG.ELC.ACCS.UR.ZS,85.08,85.7,86.22,86.79,87.4,87.97,90.1,89.25,89.92,90.59,95.5,94.11,95.57,95.52,97.7,95.16,94.5,95.79,95.75,0.0,94.2,0.0
Nauru,NRU,"Access to electricity, urban (% of urban population)",EG.ELC.ACCS.UR.ZS,96.98,97.07,97.17,97.26,97.37,97.5,97.65,97.83,98.02,98.22,98.42,99.0,99.06,99.24,99.26,99.0,99.6,99.9,99.86,100.0,100.0,0.0
New Zealand,NZL,"Access to electricity, urban (% of urban population)",EG.ELC.ACCS.UR.ZS,100.0,100.0,100.0,100.0,100.0,100.0,100.0,100.0,100.0,100.0,100.0,100.0,100.0,100.0,100.0,100.0,100.0,100.0,100.0,100.0,100.0,0.0
OECD members,OED,"Access to electricity, urban (% of urban population)",EG.ELC.ACCS.UR.ZS,99.93,99.93,99.93,99.91,99.89,99.91,99.92,99.89,99.94,99.92,99.96,99.96,99.96,99.97,99.96,99.93,99.97,99.99,99.98,99.99,99.98,0.0
Oman,OMN,"Access to electricity, urban (% of urban population)",EG.ELC.ACCS.UR.ZS,100.0,99.98,100.0,100.0,100.0,100.0,100.0,100.0,100.0,100.0,100.0,100.0,100.0,100.0,100.0,100.0,100.0,100.0,100.0,100.0,100.0,0.0
Other small states,OSS,"Access to electricity, urban (% of urban population)",EG.ELC.ACCS.UR.ZS,77.74,77.79,78.74,79.3,79.92,80.56,81.91,82.62,83.12,84.11,84.58,85.61,86.45,86.39,87.54,88.13,88.39,90.58,91.79,91.74,91.47,0.0
Pakistan,PAK,"Access to electricity, urban (% of urban population)",EG.ELC.ACCS.UR.ZS,93.73,94.01,94.29,94.58,94.88,95.2,95.54,95.91,96.28,96.67,97.07,97.46,97.84,98.21,98.57,98.92,99.26,99.6,99.83,99.96,100.0,0.0
Panama,PAN,"Access to electricity, urban (% of urban population)",EG.ELC.ACCS.UR.ZS,97.19,97.13,97.2,97.27,97.36,97.47,97.6,97.75,97.92,98.1,98.7,98.53,98.69,98.3,98.93,99.07,99.2,99.33,99.45,99.57,99.69,0.0
Peru,PER,"Access to electricity, urban (% of urban population)",EG.ELC.ACCS.UR.ZS,95.16,92.36,93.83,93.76,94.31,94.66,96.16,95.81,97.04,97.48,98.14,98.38,98.63,98.78,98.88,98.87,98.9,98.9,99.0,99.09,100.0,0.0
Philippines,PHL,"Access to electricity, urban (% of urban population)",EG.ELC.ACCS.UR.ZS,89.8,90.16,90.52,92.0,91.27,91.66,92.3,92.53,93.7,94.13,93.92,94.39,94.66,94.1,95.74,95.91,96.59,96.4,97.42,97.83,98.23,0.0
Palau,PLW,"Access to electricity, urban (% of urban population)",EG.ELC.ACCS.UR.ZS,99.09,99.07,99.06,99.05,99.05,99.7,99.11,99.18,99.26,99.35,99.45,99.54,98.49,99.7,100.0,99.81,100.0,100.0,100.0,100.0,100.0,0.0
Papua New Guinea,PNG,"Access to electricity, urban (% of urban population)",EG.ELC.ACCS.UR.ZS,62.52,63.41,64.29,65.18,66.08,67.0,61.3,68.91,69.89,69.6,71.2,72.97,74.35,75.59,76.68,77.82,79.3,80.54,81.73,82.77,83.6,0.0
Poland,POL,"Access to electricity, urban (% of urban population)",EG.ELC.ACCS.UR.ZS,100.0,100.0,100.0,100.0,100.0,100.0,100.0,100.0,100.0,100.0,100.0,100.0,100.0,100.0,100.0,100.0,100.0,100.0,100.0,100.0,100.0,0.0
Pre-demographic dividend,PRE,"Access to electricity, urban (% of urban population)",EG.ELC.ACCS.UR.ZS,59.66,59.84,61.21,62.27,62.82,63.77,64.49,66.73,65.44,66.38,67.43,71.53,71.52,71.59,71.23,71.42,74.44,71.28,72.12,74.24,77.38,0.0
Puerto Rico,PRI,"Access to electricity, urban (% of urban population)",EG.ELC.ACCS.UR.ZS,100.0,100.0,100.0,100.0,100.0,100.0,100.0,100.0,100.0,100.0,100.0,100.0,100.0,100.0,100.0,100.0,100.0,100.0,100.0,100.0,100.0,0.0
"Korea, Dem. People's Rep.",PRK,"Access to electricity, urban (% of urban population)",EG.ELC.ACCS.UR.ZS,0.0,0.0,0.0,0.0,0.0,0.0,0.0,0.0,0.0,26.0,28.0,29.0,31.0,32.0,34.0,35.0,37.0,39.0,40.0,42.0,43.35,0.0
Portugal,PRT,"Access to electricity, urban (% of urban population)",EG.ELC.ACCS.UR.ZS,100.0,100.0,100.0,100.0,100.0,100.0,100.0,100.0,100.0,100.0,100.0,100.0,100.0,100.0,100.0,100.0,100.0,100.0,100.0,100.0,100.0,0.0
Paraguay,PRY,"Access to electricity, urban (% of urban population)",EG.ELC.ACCS.UR.ZS,97.68,97.93,97.75,97.8,97.53,98.39,98.54,98.83,99.01,98.39,99.5,99.56,99.64,99.77,99.83,99.82,99.9,99.8,99.9,99.9,100.0,0.0
West Bank and Gaza,PSE,"Access to electricity, urban (% of urban population)",EG.ELC.ACCS.UR.ZS,99.9,99.1,99.66,99.7,99.7,99.8,99.8,99.64,99.9,99.9,99.9,99.94,99.94,99.98,99.8,100.0,100.0,99.9,100.0,100.0,100.0,0.0
Pacific island small states,PSS,"Access to electricity, urban (% of urban population)",EG.ELC.ACCS.UR.ZS,87.57,87.86,87.97,87.96,88.6,89.01,89.16,90.37,90.71,90.98,90.51,91.02,91.36,90.46,92.04,92.21,92.84,93.4,93.95,94.37,94.73,0.0
Post-demographic dividend,PST,"Access to electricity, urban (% of urban population)",EG.ELC.ACCS.UR.ZS,100.0,100.0,100.0,100.0,100.0,99.99,100.0,99.99,100.0,100.0,100.0,100.0,100.0,100.0,100.0,100.0,100.0,100.0,100.0,100.0,100.0,0.0
French Polynesia,PYF,"Access to electricity, urban (% of urban population)",EG.ELC.ACCS.UR.ZS,100.0,100.0,100.0,100.0,100.0,100.0,100.0,100.0,100.0,100.0,100.0,100.0,100.0,100.0,100.0,100.0,100.0,100.0,100.0,100.0,100.0,0.0
Qatar,QAT,"Access to electricity, urban (% of urban population)",EG.ELC.ACCS.UR.ZS,100.0,100.0,100.0,100.0,100.0,100.0,100.0,100.0,100.0,100.0,100.0,100.0,100.0,100.0,100.0,100.0,100.0,100.0,100.0,100.0,100.0,0.0
Romania,ROU,"Access to electricity, urban (% of urban population)",EG.ELC.ACCS.UR.ZS,100.0,100.0,100.0,100.0,100.0,100.0,100.0,100.0,100.0,100.0,100.0,100.0,100.0,100.0,100.0,100.0,99.5,100.0,100.0,100.0,100.0,0.0
Russian Federation,RUS,"Access to electricity, urban (% of urban population)",EG.ELC.ACCS.UR.ZS,100.0,100.0,100.0,100.0,100.0,100.0,100.0,100.0,100.0,100.0,100.0,100.0,100.0,100.0,100.0,95.1,100.0,100.0,100.0,100.0,100.0,0.0
Rwanda,RWA,"Access to electricity, urban (% of urban population)",EG.ELC.ACCS.UR.ZS,38.9,35.86,38.16,40.48,42.8,25.1,47.51,49.9,28.1,54.72,44.5,58.2,67.6,61.5,71.8,72.9,79.97,84.8,84.34,87.98,86.4,0.0
South Asia,SAS,"Access to electricity, urban (% of urban population)",EG.ELC.ACCS.UR.ZS,88.54,87.39,89.26,89.78,89.99,90.91,91.92,91.99,92.87,95.12,93.91,93.18,95.81,95.8,96.66,97.22,97.92,98.93,98.93,99.58,99.72,0.0
Saudi Arabia,SAU,"Access to electricity, urban (% of urban population)",EG.ELC.ACCS.UR.ZS,100.0,100.0,100.0,99.98,100.0,100.0,100.0,100.0,100.0,100.0,100.0,100.0,100.0,100.0,100.0,100.0,100.0,100.0,100.0,100.0,100.0,0.0
Sudan,SDN,"Access to electricity, urban (% of urban population)",EG.ELC.ACCS.UR.ZS,61.44,61.46,61.48,61.51,61.54,61.6,61.68,61.78,45.75,58.0,72.56,73.69,74.74,75.66,76.3,77.23,78.24,79.28,80.15,80.87,81.52,0.0
Senegal,SEN,"Access to electricity, urban (% of urban population)",EG.ELC.ACCS.UR.ZS,74.64,73.56,74.17,75.71,76.8,80.4,83.6,80.2,81.38,83.4,83.91,87.8,86.22,87.8,85.0,86.9,87.7,91.7,93.5,95.2,95.18,0.0
Singapore,SGP,"Access to electricity, urban (% of urban population)",EG.ELC.ACCS.UR.ZS,100.0,100.0,100.0,100.0,100.0,100.0,100.0,100.0,100.0,100.0,100.0,100.0,100.0,100.0,100.0,100.0,100.0,100.0,100.0,100.0,100.0,0.0
Solomon Islands,SLB,"Access to electricity, urban (% of urban population)",EG.ELC.ACCS.UR.ZS,59.05,59.63,60.21,60.79,61.39,62.0,61.2,68.6,63.97,71.37,65.34,66.03,66.71,60.4,68.03,67.6,69.31,71.1,73.3,75.35,77.32,0.0
Sierra Leone,SLE,"Access to electricity, urban (% of urban population)",EG.ELC.ACCS.UR.ZS,23.43,24.83,26.23,27.64,29.06,35.85,31.95,33.44,33.1,36.44,34.34,35.75,40.96,41.4,43.92,45.39,46.9,48.7,53.2,51.4,54.69,0.0
El Salvador,SLV,"Access to electricity, urban (% of urban population)",EG.ELC.ACCS.UR.ZS,96.1,97.11,97.27,96.5,96.48,96.46,97.2,97.08,96.49,96.57,96.87,97.23,97.85,97.76,97.79,98.0,98.4,99.0,98.7,98.76,100.0,0.0
San Marino,SMR,"Access to electricity, urban (% of urban population)",EG.ELC.ACCS.UR.ZS,100.0,100.0,100.0,100.0,100.0,100.0,100.0,100.0,100.0,100.0,100.0,100.0,100.0,100.0,100.0,100.0,100.0,100.0,100.0,100.0,100.0,0.0
Somalia,SOM,"Access to electricity, urban (% of urban population)",EG.ELC.ACCS.UR.ZS,20.31,22.83,22.2,27.88,30.42,32.98,38.12,38.16,40.78,43.41,66.16,66.79,67.34,67.77,68.03,68.34,68.86,69.41,69.78,0.0,70.12,0.0
Serbia,SRB,"Access to electricity, urban (% of urban population)",EG.ELC.ACCS.UR.ZS,100.0,100.0,100.0,100.0,100.0,99.76,100.0,100.0,100.0,100.0,99.87,100.0,100.0,99.93,99.82,99.9,100.0,100.0,100.0,99.9,100.0,0.0
Sub-Saharan Africa (excluding high income),SSA,"Access to electricity, urban (% of urban population)",EG.ELC.ACCS.UR.ZS,61.64,61.78,62.99,63.98,64.42,65.35,65.99,67.97,66.72,67.91,68.38,72.33,72.43,72.6,72.48,72.3,74.95,73.31,73.83,75.89,78.29,0.0
South Sudan,SSD,"Access to electricity, urban (% of urban population)",EG.ELC.ACCS.UR.ZS,8.2,8.36,8.52,8.68,8.86,9.06,9.28,9.52,9.77,16.6,4.0,10.58,10.84,11.08,11.32,11.55,11.77,9.6,12.29,13.12,13.87,0.0
Sub-Saharan Africa,SSF,"Access to electricity, urban (% of urban population)",EG.ELC.ACCS.UR.ZS,61.65,61.79,62.99,63.99,64.42,65.36,65.99,67.97,66.73,67.92,68.39,72.34,72.44,72.6,72.48,72.31,74.96,73.32,73.83,75.89,78.29,0.0
Small states,SST,"Access to electricity, urban (% of urban population)",EG.ELC.ACCS.UR.ZS,81.97,82.14,82.77,83.1,83.57,83.97,84.95,85.61,86.35,86.76,87.07,87.94,88.63,88.47,89.42,89.97,90.29,92.13,93.2,93.13,92.83,0.0
Sao Tome and Principe,STP,"Access to electricity, urban (% of urban population)",EG.ELC.ACCS.UR.ZS,64.09,63.99,64.57,65.15,65.75,66.36,67.0,67.66,68.34,69.8,69.71,70.4,65.3,71.74,75.8,73.04,73.68,73.52,76.7,77.44,78.45,0.0
Suriname,SUR,"Access to electricity, urban (% of urban population)",EG.ELC.ACCS.UR.ZS,97.84,97.79,97.74,97.7,97.67,97.65,95.63,97.7,97.75,97.8,97.2,97.92,97.97,98.1,98.16,98.26,98.57,98.91,99.0,99.06,98.98,0.0
Slovak Republic,SVK,"Access to electricity, urban (% of urban population)",EG.ELC.ACCS.UR.ZS,100.0,100.0,100.0,100.0,100.0,100.0,100.0,100.0,100.0,100.0,100.0,100.0,100.0,100.0,100.0,100.0,100.0,100.0,100.0,100.0,100.0,0.0
Slovenia,SVN,"Access to electricity, urban (% of urban population)",EG.ELC.ACCS.UR.ZS,100.0,100.0,100.0,100.0,100.0,100.0,100.0,100.0,100.0,100.0,100.0,100.0,100.0,100.0,100.0,100.0,100.0,100.0,100.0,100.0,100.0,0.0
Sweden,SWE,"Access to electricity, urban (% of urban population)",EG.ELC.ACCS.UR.ZS,100.0,100.0,100.0,100.0,100.0,100.0,100.0,100.0,100.0,100.0,100.0,100.0,100.0,100.0,100.0,100.0,100.0,100.0,100.0,100.0,100.0,0.0
Eswatini,SWZ,"Access to electricity, urban (% of urban population)",EG.ELC.ACCS.UR.ZS,54.32,55.99,57.65,59.31,60.99,62.69,63.4,66.16,67.91,72.64,65.42,73.22,74.99,76.74,84.0,80.59,80.98,85.59,87.93,90.1,92.2,0.0
Sint Maarten (Dutch part),SXM,"Access to electricity, urban (% of urban population)",EG.ELC.ACCS.UR.ZS,100.0,100.0,100.0,100.0,100.0,100.0,100.0,99.61,99.66,99.73,100.0,100.0,100.0,100.0,100.0,100.0,100.0,100.0,100.0,100.0,100.0,0.0
Seychelles,SYC,"Access to electricity, urban (% of urban population)",EG.ELC.ACCS.UR.ZS,99.18,99.16,99.13,99.12,99.11,99.13,99.16,99.22,99.3,99.38,99.47,99.58,99.78,99.54,100.0,100.0,100.0,100.0,100.0,100.0,100.0,0.0
Syrian Arab Republic,SYR,"Access to electricity, urban (% of urban population)",EG.ELC.ACCS.UR.ZS,99.23,99.3,99.5,99.44,99.53,99.64,99.76,99.89,99.97,100.0,100.0,100.0,100.0,100.0,100.0,100.0,100.0,100.0,100.0,100.0,100.0,0.0
Turks and Caicos Islands,TCA,"Access to electricity, urban (% of urban population)",EG.ELC.ACCS.UR.ZS,99.86,99.81,99.76,99.71,99.68,99.66,99.67,99.7,99.75,100.0,100.0,100.0,100.0,100.0,100.0,100.0,100.0,100.0,100.0,100.0,100.0,0.0
Chad,TCD,"Access to electricity, urban (% of urban population)",EG.ELC.ACCS.UR.ZS,10.02,11.18,12.33,13.49,16.4,15.86,17.08,18.32,19.58,20.84,18.3,13.55,24.63,25.88,27.11,32.4,31.12,33.73,36.16,36.7,40.62,0.0
East Asia & Pacific (IDA & IBRD countries),TEA,"Access to electricity, urban (% of urban population)",EG.ELC.ACCS.UR.ZS,98.22,98.16,98.24,98.62,98.38,98.46,98.6,98.86,98.95,99.18,99.31,99.38,99.39,99.47,99.5,99.6,99.66,99.69,99.73,99.75,99.74,0.0
Europe & Central Asia (IDA & IBRD countries),TEC,"Access to electricity, urban (% of urban population)",EG.ELC.ACCS.UR.ZS,99.98,99.98,99.98,99.98,99.88,99.87,99.87,99.89,99.91,99.93,99.99,99.98,99.99,99.98,99.99,98.22,99.97,99.99,99.99,99.99,99.98,0.0
Togo,TGO,"Access to electricity, urban (% of urban population)",EG.ELC.ACCS.UR.ZS,38.51,47.79,50.17,52.55,54.94,57.35,64.9,62.25,64.72,67.2,66.5,77.9,76.33,78.15,83.2,82.01,84.44,88.8,83.1,91.72,94.14,0.0
Thailand,THA,"Access to electricity, urban (% of urban population)",EG.ELC.ACCS.UR.ZS,99.9,99.57,99.52,99.48,99.44,99.43,99.63,99.47,99.51,99.01,100.0,99.74,99.45,99.92,99.8,99.7,99.82,99.9,99.91,99.9,100.0,0.0
Tajikistan,TJK,"Access to electricity, urban (% of urban population)",EG.ELC.ACCS.UR.ZS,99.7,99.81,99.7,99.9,99.52,99.7,99.41,99.39,99.38,99.38,99.39,99.39,99.8,99.37,99.35,98.5,99.27,99.2,99.2,99.11,99.05,0.0
Turkmenistan,TKM,"Access to electricity, urban (% of urban population)",EG.ELC.ACCS.UR.ZS,99.7,99.71,99.66,99.63,99.61,99.6,99.87,99.67,99.72,99.79,100.0,99.96,99.99,100.0,100.0,100.0,100.0,100.0,100.0,99.9,100.0,0.0
Latin America & the Caribbean (IDA & IBRD countries),TLA,"Access to electricity, urban (% of urban population)",EG.ELC.ACCS.UR.ZS,98.38,98.12,98.27,98.13,98.41,98.44,98.66,98.76,99.0,98.99,99.16,99.24,99.32,99.39,99.38,99.35,99.46,99.51,99.5,99.59,99.66,0.0
Timor-Leste,TLS,"Access to electricity, urban (% of urban population)",EG.ELC.ACCS.UR.ZS,69.5,71.11,72.71,73.6,75.94,77.58,79.24,82.3,82.63,84.34,83.4,87.77,89.47,91.16,93.01,95.0,98.4,99.44,99.69,99.97,100.0,0.0
Middle East & North Africa (IDA & IBRD countries),TMN,"Access to electricity, urban (% of urban population)",EG.ELC.ACCS.UR.ZS,99.14,98.56,98.58,98.67,98.72,98.72,99.33,98.8,99.07,99.04,99.41,99.5,99.42,99.63,99.21,99.32,99.5,99.67,99.81,99.56,99.58,0.0
Tonga,TON,"Access to electricity, urban (% of urban population)",EG.ELC.ACCS.UR.ZS,96.34,96.44,96.54,96.65,96.77,96.91,97.71,97.25,97.45,97.66,97.87,97.32,97.7,98.48,98.66,100.0,98.63,99.86,99.92,99.99,100.0,0.0
South Asia (IDA & IBRD),TSA,"Access to electricity, urban (% of urban population)",EG.ELC.ACCS.UR.ZS,88.54,87.39,89.26,89.78,89.99,90.91,91.92,91.99,92.87,95.12,93.91,93.18,95.81,95.8,96.66,97.22,97.92,98.93,98.93,99.58,99.72,0.0
Sub-Saharan Africa (IDA & IBRD countries),TSS,"Access to electricity, urban (% of urban population)",EG.ELC.ACCS.UR.ZS,61.65,61.79,62.99,63.99,64.42,65.36,65.99,67.97,66.73,67.92,68.39,72.34,72.44,72.6,72.48,72.31,74.96,73.32,73.83,75.89,78.29,0.0
Trinidad and Tobago,TTO,"Access to electricity, urban (% of urban population)",EG.ELC.ACCS.UR.ZS,100.0,99.98,99.95,99.91,99.86,99.83,100.0,100.0,100.0,100.0,100.0,100.0,100.0,100.0,100.0,100.0,100.0,100.0,100.0,100.0,100.0,0.0
Tunisia,TUN,"Access to electricity, urban (% of urban population)",EG.ELC.ACCS.UR.ZS,99.86,99.8,99.75,99.7,99.67,99.67,99.66,100.0,99.73,99.79,99.93,99.79,99.94,99.97,99.99,99.9,100.0,100.0,99.9,100.0,100.0,0.0
Turkiye,TUR,"Access to electricity, urban (% of urban population)",EG.ELC.ACCS.UR.ZS,100.0,100.0,100.0,100.0,99.45,99.46,99.49,99.54,99.61,99.69,100.0,100.0,100.0,100.0,100.0,100.0,100.0,100.0,100.0,100.0,100.0,0.0
Tuvalu,TUV,"Access to electricity, urban (% of urban population)",EG.ELC.ACCS.UR.ZS,95.99,96.15,95.4,96.48,96.65,96.85,97.07,98.6,97.57,97.84,98.11,98.41,98.82,98.94,99.13,99.36,99.58,99.79,99.92,99.8,100.0,0.0
Tanzania,TZA,"Access to electricity, urban (% of urban population)",EG.ELC.ACCS.UR.ZS,32.98,34.44,35.9,36.5,38.9,40.33,41.85,43.39,40.1,43.5,46.2,42.9,46.4,50.3,53.6,57.84,65.3,64.23,67.26,70.13,72.9,0.0
Uganda,UGA,"Access to electricity, urban (% of urban population)",EG.ELC.ACCS.UR.ZS,41.01,43.9,39.3,44.23,45.32,49.0,41.8,48.71,49.88,45.0,48.0,55.4,54.59,55.75,51.4,51.9,57.5,63.56,71.98,70.8,69.87,0.0
Ukraine,UKR,"Access to electricity, urban (% of urban population)",EG.ELC.ACCS.UR.ZS,100.0,100.0,100.0,100.0,100.0,99.94,100.0,99.9,100.0,100.0,100.0,100.0,99.92,100.0,100.0,100.0,100.0,100.0,100.0,100.0,100.0,0.0
Upper middle income,UMC,"Access to electricity, urban (% of urban population)",EG.ELC.ACCS.UR.ZS,99.1,98.98,99.05,99.07,99.04,99.09,99.17,99.22,99.34,99.37,99.49,99.51,99.54,99.57,99.57,99.23,99.6,99.63,99.62,99.65,99.67,0.0
Uruguay,URY,"Access to electricity, urban (% of urban population)",EG.ELC.ACCS.UR.ZS,99.34,99.19,99.17,99.15,99.15,99.16,99.33,99.39,99.47,99.5,99.6,99.43,99.8,99.75,99.78,99.81,99.8,99.8,99.8,99.9,100.0,0.0
United States,USA,"Access to electricity, urban (% of urban population)",EG.ELC.ACCS.UR.ZS,100.0,100.0,100.0,100.0,100.0,100.0,100.0,100.0,100.0,100.0,100.0,100.0,100.0,100.0,100.0,100.0,100.0,100.0,100.0,100.0,100.0,0.0
Uzbekistan,UZB,"Access to electricity, urban (% of urban population)",EG.ELC.ACCS.UR.ZS,99.9,99.9,99.9,99.91,99.93,99.96,99.79,100.0,100.0,100.0,100.0,100.0,100.0,100.0,100.0,100.0,100.0,100.0,100.0,100.0,100.0,0.0
St. Vincent and the Grenadines,VCT,"Access to electricity, urban (% of urban population)",EG.ELC.ACCS.UR.ZS,86.54,86.67,87.69,88.27,88.86,89.47,90.11,91.23,91.44,92.12,92.8,93.48,94.16,94.82,95.47,96.11,96.75,97.38,100.0,100.0,100.0,0.0
"Venezuela, RB",VEN,"Access to electricity, urban (% of urban population)",EG.ELC.ACCS.UR.ZS,99.9,100.0,99.8,99.63,99.61,99.61,99.63,99.67,99.73,99.8,99.87,99.93,99.98,100.0,100.0,100.0,100.0,100.0,100.0,100.0,100.0,0.0
British Virgin Islands,VGB,"Access to electricity, urban (% of urban population)",EG.ELC.ACCS.UR.ZS,97.73,97.79,97.86,97.93,98.02,98.12,98.25,98.4,98.56,98.73,99.1,99.41,99.66,99.76,99.71,100.0,100.0,100.0,100.0,100.0,100.0,0.0
Virgin Islands (U.S.),VIR,"Access to electricity, urban (% of urban population)",EG.ELC.ACCS.UR.ZS,100.0,100.0,100.0,100.0,100.0,100.0,100.0,100.0,100.0,100.0,100.0,100.0,100.0,100.0,100.0,100.0,100.0,100.0,100.0,100.0,100.0,0.0
Vietnam,VNM,"Access to electricity, urban (% of urban population)",EG.ELC.ACCS.UR.ZS,99.07,99.08,99.4,99.1,99.13,99.6,99.1,99.34,99.44,99.6,99.88,100.0,99.8,99.96,99.9,100.0,100.0,100.0,100.0,100.0,100.0,0.0
Vanuatu,VUT,"Access to electricity, urban (% of urban population)",EG.ELC.ACCS.UR.ZS,77.78,78.44,79.09,79.75,80.43,81.12,82.78,84.6,83.33,82.35,82.3,85.62,86.38,86.2,87.99,89.22,91.4,92.13,93.41,94.54,95.59,0.0
World,WLD,"Access to electricity, urban (% of urban population)",EG.ELC.ACCS.UR.ZS,94.96,94.67,94.99,95.16,95.13,95.3,95.52,95.68,95.71,95.83,95.74,95.96,96.31,96.32,96.37,96.28,96.78,97.29,97.42,97.65,97.27,0.0
Samoa,WSM,"Access to electricity, urban (% of urban population)",EG.ELC.ACCS.UR.ZS,98.09,98.13,98.16,98.2,98.25,98.32,98.57,98.53,98.2,99.7,98.95,98.68,99.22,99.35,99.4,99.56,99.65,99.87,100.0,99.9,99.99,0.0
Kosovo,XKX,"Access to electricity, urban (% of urban population)",EG.ELC.ACCS.UR.ZS,0.0,0.0,0.0,0.0,0.0,0.0,0.0,0.0,0.0,0.0,0.0,0.0,99.89,100.0,99.86,99.93,99.8,100.0,0.0,99.9,0.0,0.0
"Yemen, Rep.",YEM,"Access to electricity, urban (% of urban population)",EG.ELC.ACCS.UR.ZS,92.01,92.0,92.0,91.99,91.59,91.05,94.96,92.17,92.26,92.36,100.0,99.71,99.49,98.5,95.92,93.08,92.93,92.98,0.0,93.07,93.11,0.0
South Africa,ZAF,"Access to electricity, urban (% of urban population)",EG.ELC.ACCS.UR.ZS,85.68,85.77,85.87,87.7,86.08,86.21,86.37,86.55,86.74,86.94,87.15,87.35,87.55,87.73,87.91,88.07,88.22,88.37,88.52,88.66,88.81,0.0
Zambia,ZMB,"Access to electricity, urban (% of urban population)",EG.ELC.ACCS.UR.ZS,44.1,47.02,45.1,48.0,47.6,51.59,52.78,47.8,55.21,56.44,49.8,58.92,60.14,61.36,61.5,67.7,69.96,75.2,76.46,79.46,82.38,0.0
Zimbabwe,ZWE,"Access to electricity, urban (% of urban population)",EG.ELC.ACCS.UR.ZS,85.42,85.36,85.3,85.25,85.21,85.18,91.4,85.21,85.24,90.86,85.34,83.2,85.43,85.46,83.4,81.2,85.48,85.48,85.47,85.46,85.72,0.0
